"year","commodity","hectares_planted","hectares_harvested","production","yield","price_per_bushel"
1866,"Barley",NA,0.3035145,18.1,59.6347126743533,NA
1866,"Corn",NA,12.14867372,730.81,60.1555377025962,NA
1866,"Oats",NA,3.21320684,232.36,72.3140499725813,NA
1867,"Barley",NA,0.42896716,23.85,55.5986616784371,NA
1867,"Corn",NA,12.99851432,793.91,61.076980065211,NA
1867,"Oats",NA,3.31033148,222.61,67.2470419790105,NA
1868,"Barley",NA,0.42896716,23.2,54.0833941693812,NA
1868,"Corn",NA,14.21257232,919.59,64.702573137021,NA
1868,"Oats",NA,3.6017054,229.68,63.769790832976,NA
1869,"Barley",NA,0.50181064,29.1,57.9900019656817,NA
1869,"Corn",NA,14.49989938,782.08,53.9369260092066,NA
1869,"Oats",NA,3.86879816,284,73.4078099334084,NA
1870,"Barley",NA,0.53823238,29.05,53.9729698164945,NA
1870,"Corn",NA,15.53589554,1124.78,72.398787511415,NA
1870,"Oats",NA,4.1885001,267.95,63.9727810917326,NA
1871,"Barley",NA,0.5463261,27.69,50.6840145473555,NA
1871,"Corn",NA,16.996812,1141.72,67.1725968375717,NA
1871,"Oats",NA,4.47582716,306.22,68.4164041758932,NA
1872,"Barley",NA,0.57465412,32.01,55.7030723106971,NA
1872,"Corn",NA,17.63621588,1279.37,72.5422056922565,NA
1872,"Oats",NA,4.77124794,326.76,68.4852273679997,NA
1873,"Barley",NA,0.59488842,30.54,51.3373583570512,NA
1873,"Corn",NA,17.83855888,1008.33,56.5253060397444,NA
1873,"Oats",NA,4.86027886,306.91,63.1465824987663,NA
1874,"Barley",NA,0.65963818,36.13,54.7724511640609,NA
1874,"Corn",NA,19.27924104,1058.78,54.9181369641717,NA
1874,"Oats",NA,5.17188708,272.5,52.6886986867471,NA
1875,"Barley",NA,0.6879662,32.81,47.6912964619483,NA
1875,"Corn",NA,21.2257807,1450.28,68.3263442931925,NA
1875,"Oats",NA,5.51182332,364.97,66.2158379924268,NA
1876,"Barley",NA,0.79723142,40.71,51.0642192200603,NA
1876,"Corn",NA,22.37104208,1478.17,66.0751517391987,NA
1876,"Oats",NA,5.90436874,327.21,55.4182867650641,NA
1877,"Barley",NA,0.79318456,39.17,49.3832103842263,NA
1877,"Corn",NA,23.7955368,1515.86,63.7035429265878,NA
1877,"Oats",NA,5.99744652,435.33,72.5858911035358,NA
1878,"Barley",NA,0.7486691,37.45,50.0220992157951,NA
1878,"Corn",NA,24.14356676,1564.54,64.8015272785652,NA
1878,"Oats",NA,6.40617938,443.37,69.2097385509052,NA
1879,"Barley",NA,0.78104398,42.37,54.2479054764624,NA
1879,"Corn",NA,25.18360978,1751.98,69.5682634580593,NA
1879,"Oats",NA,6.45878856,415.44,64.321659726232,NA
1880,"Barley",NA,0.80532514,45.26,56.2009029048814,NA
1880,"Corn",NA,25.3131093,1706.67,67.4223770684702,NA
1880,"Oats",NA,6.64089726,417.94,62.9342668071935,NA
1881,"Barley",NA,0.8903092,48.98,55.0145949294919,NA
1881,"Corn",NA,25.50735858,1244.8,48.8016035096645,NA
1881,"Oats",NA,6.84728712,446.13,65.1542709078044,NA
1882,"Barley",NA,0.98338698,60.07,61.0848030548462,NA
1882,"Corn",NA,26.77402576,1755.27,65.5586879513035,NA
1882,"Oats",NA,7.72140888,540.46,69.9949981149036,NA
1883,"Barley",NA,0.99957442,57.13,57.154323737096,NA
1883,"Corn",NA,27.58744462,1652.15,59.8877504878522,NA
1883,"Oats",NA,8.34462532,605.58,72.5712631516929,NA
1884,"Barley",NA,1.08860534,67.92,62.3917571449723,NA
1884,"Corn",NA,27.85453738,1947.84,69.929001994432,NA
1884,"Oats",NA,8.89095142,640.52,72.0417838027058,NA
1885,"Barley",NA,1.15740196,63.96,55.2617000925072,NA
1885,"Corn",NA,29.0766891,2057.81,70.7718128746646,NA
1885,"Oats",NA,9.4494181,674.15,71.343017407601,NA
1886,"Barley",NA,1.22619858,73.5,59.9413514244977,NA
1886,"Corn",NA,29.91034226,1782.77,59.6037980609855,NA
1886,"Oats",NA,9.88647898,682.31,69.0144591800872,NA
1887,"Barley",NA,1.31927636,72.4,54.8785699457239,NA
1887,"Corn",NA,29.6634838,1604.55,54.0917584333098,NA
1887,"Oats",NA,10.63110122,696.18,65.4852197898648,NA
1888,"Barley",NA,1.32737008,75.98,57.2410069692094,NA
1888,"Corn",NA,31.35102442,2250.63,71.7880848118073,NA
1888,"Oats",NA,11.25431766,773.14,68.6971901235637,NA
1889,"Barley",NA,1.3556981,80.79,59.5929137910572,NA
1889,"Corn",NA,31.42791476,2294.29,73.0016616603551,NA
1889,"Oats",NA,11.6144882,831.05,71.5528730745105,NA
1890,"Barley",NA,1.3152295,69.88,53.1314116661769,NA
1890,"Corn",NA,30.26646594,1650.45,54.5306479875067,NA
1890,"Oats",NA,11.44452008,609.12,53.2237259179155,NA
1891,"Barley",NA,1.45282274,94.16,64.8117608621682,NA
1891,"Corn",NA,31.91353796,2335.8,73.1915089742686,NA
1891,"Oats",NA,11.23408336,836.79,74.4867180690032,NA
1892,"Barley",NA,1.56208796,95.17,60.9248662284037,NA
1892,"Corn",NA,31.12440026,1897.41,60.9621385199343,NA
1892,"Oats",NA,11.40000462,721.82,63.3175181993917,NA
1893,"Barley",NA,1.49329134,87.11,58.3342296755032,NA
1893,"Corn",NA,32.30608338,1900.4,58.8248342470538,NA
1893,"Oats",NA,11.84515922,707.13,59.6978045517568,NA
1894,"Barley",NA,1.47305704,74.21,50.3782256795704,NA
1894,"Corn",NA,32.40320802,1615.02,49.8413613554304,NA
1894,"Oats",NA,11.96251816,750.01,62.6966655321675,NA
1895,"Barley",NA,1.69563434,104.48,61.6170583098712,NA
1895,"Corn",NA,36.61598928,2534.76,69.2254954691204,NA
1895,"Oats",NA,12.50884426,924.86,73.9364869188962,NA
1896,"Barley",NA,1.67135318,97.48,58.3239982826371,NA
1896,"Corn",NA,36.04538202,2671.05,74.1024189594648,NA
1896,"Oats",NA,12.2417515,774.93,63.3022161902241,NA
1897,"Barley",NA,1.66730632,102.58,61.5243874322986,NA
1897,"Corn",NA,36.40959942,2287.63,62.8304083659704,NA
1897,"Oats",NA,11.66709738,829.53,71.0999465404308,NA
1898,"Barley",NA,1.66325946,98.17,59.0226614433325,NA
1898,"Corn",NA,35.52333708,2351.32,66.1908534861106,NA
1898,"Oats",NA,11.86944038,842.21,70.9561675223647,NA
1899,"Barley",NA,1.80894642,118.16,65.3197898476175,NA
1899,"Corn",NA,38.27924874,2645.8,69.11838886836,NA
1899,"Oats",NA,11.8370655,937.17,79.1724942300944,NA
1900,"Barley",NA,1.9020242,96.59,50.7827397779692,NA
1900,"Corn",NA,38.3844671,2661.98,69.3504482702588,NA
1900,"Oats",NA,12.5655003,945.48,75.244119010526,NA
1901,"Barley",NA,2.00724256,123.8,61.6766515751838,NA
1901,"Corn",NA,38.21045212,1715.75,44.9026353996463,NA
1901,"Oats",NA,12.50075054,799.81,63.9809583785199,NA
1902,"Barley",NA,2.21363242,146.21,66.0498096608108,NA
1902,"Corn",NA,39.32738548,2773.95,70.5348185785372,NA
1902,"Oats",NA,12.69095296,1076.9,84.8557238683517,NA
1903,"Barley",NA,2.52119378,149.34,59.2338443735174,NA
1903,"Corn",NA,37.86242216,2515.09,66.4270761487912,NA
1903,"Oats",NA,13.02684234,885.47,67.9727271497784,NA
1904,"Barley",NA,2.66283388,166.1,62.3771543720932,NA
1904,"Corn",NA,38.53824778,2686.62,69.7130812832197,NA
1904,"Oats",NA,13.2534665,1011.56,76.3241828090787,NA
1905,"Barley",NA,2.69520876,171.64,63.6833786485615,NA
1905,"Corn",NA,38.7486845,2954.15,76.2387172137418,NA
1905,"Oats",NA,13.52865298,1104.4,81.6341435937993,NA
1906,"Barley",NA,2.72758364,179.15,65.6808456293571,NA
1906,"Corn",NA,38.69607532,3032.91,78.3777159548903,NA
1906,"Oats",NA,13.63387134,1022.72,75.013176704952,NA
1907,"Barley",NA,2.7720991,150.58,54.31984736765,NA
1907,"Corn",NA,38.88627774,2613.8,67.2165131740377,NA
1907,"Oats",NA,13.93738584,801.14,57.481367682363,NA
1908,"Barley",NA,2.99872326,170.78,56.9509038323196,NA
1908,"Corn",NA,38.56252894,2566.74,66.5604686869377,NA
1908,"Oats",NA,13.88477666,829.31,59.7280042961815,NA
1909,"Barley",NA,3.1160822,173.07,55.5408968351348,NA
1909,"Corn",NA,40.5495372,2611.16,64.3943230996974,NA
1909,"Oats",NA,14.18829116,1013.91,71.4610370316082,NA
1910,"Barley",NA,3.0553793,142.42,46.6128706180604,NA
1910,"Corn",NA,41.38723722,2852.79,68.9292204946073,NA
1910,"Oats",NA,14.90863224,1106.16,74.1959411294728,NA
1911,"Barley",NA,3.07966046,145.07,47.105842310941,NA
1911,"Corn",NA,41.03111354,2474.64,60.3113049219965,NA
1911,"Oats",NA,15.0340849,885.53,58.901489907111,NA
1912,"Barley",NA,3.05133244,196.93,64.5390182395203,NA
1912,"Corn",NA,41.0553947,2947.84,71.8015262437606,NA
1912,"Oats",NA,15.07050664,1353.27,89.7959194290233,NA
1913,"Barley",NA,3.10394162,158.82,51.1671994655621,NA
1913,"Corn",NA,40.55358406,2272.54,56.0379570061606,NA
1913,"Oats",NA,15.0745535,1039.13,68.9327216225675,NA
1914,"Barley",NA,3.0958479,177.71,57.4026908750911,NA
1914,"Corn",NA,39.5782908,2523.75,63.7660179100003,NA
1914,"Oats",NA,15.05836606,1066.33,70.8131277823379,NA
1915,"Barley",NA,2.94611408,206.98,70.2552563748652,NA
1915,"Corn",NA,40.71950532,2829.04,69.4762860640764,NA
1915,"Oats",NA,15.7018168,1435.27,91.4078936394163,NA
1916,"Barley",NA,3.08370732,159.16,51.613199141091,NA
1916,"Corn",NA,40.69522416,2425.21,59.594462251022,NA
1916,"Oats",NA,15.8232226,1138.97,71.9809124090816,NA
1917,"Barley",NA,3.4195967,182.21,53.2840612461698,NA
1917,"Corn",NA,44.87563054,2908.24,64.8066660012216,NA
1917,"Oats",NA,16.8349376,1442.52,85.6860912867298,NA
1918,"Barley",NA,3.7231112,225.07,60.4521293911393,NA
1918,"Corn",NA,41.3589092,2441.25,59.0259764394367,NA
1918,"Oats",NA,17.18296756,1428.61,83.1410520337384,NA
1919,"Barley",NA,2.66283388,131.09,49.2295073247303,NA
1919,"Corn",NA,35.40597814,2341.87,66.1433498811961,NA
1919,"Oats",NA,16.0255656,1106.6,69.0521649981577,NA
1919,"Sorghum",NA,NA,NA,NA,NA
1920,"Barley",NA,3.01086384,171.04,56.8076170458774,NA
1920,"Corn",NA,36.4824429,2695.09,73.8736166157338,NA
1920,"Oats",NA,17.29223278,1444.29,83.5224703700756,NA
1920,"Sorghum",NA,NA,NA,NA,NA
1921,"Barley",NA,2.86113002,132.7,46.3802760001798,NA
1921,"Corn",NA,37.20683084,2556.92,68.7217895820121,NA
1921,"Oats",NA,18.42940044,1045.27,56.7175260748743,NA
1921,"Sorghum",NA,NA,NA,NA,NA
1922,"Barley",NA,2.6709276,152.91,57.2497734494937,NA
1922,"Corn",NA,34.34165396,2229.5,64.9211596679894,NA
1922,"Oats",NA,16.31693952,1147.91,70.350815396048,NA
1922,"Sorghum",NA,NA,NA,NA,NA
1923,"Barley",NA,2.8935049,158.99,54.9472026123059,NA
1923,"Corn",NA,35.40597814,2429.55,68.6197678367544,NA
1923,"Oats",NA,16.2886115,1227.18,75.3397550184066,NA
1923,"Sorghum",NA,NA,NA,NA,NA
1924,"Barley",NA,2.84898944,165.32,58.0275931103486,NA
1924,"Corn",NA,34.04218632,1860.11,54.6413201113106,NA
1924,"Oats",NA,16.94015596,1416.12,83.5954523289997,NA
1924,"Sorghum",NA,NA,NA,NA,NA
1925,"Barley",NA,3.31437834,192.47,58.0712218871187,NA
1925,"Corn",NA,35.13888538,2382.29,67.7964020269103,NA
1925,"Oats",NA,17.90330864,1405.27,78.4921953956774,NA
1925,"Sorghum",NA,NA,NA,NA,NA
1926,"Barley",3.5612368,3.20511312,166.03,51.8016038073564,NA
1926,"Corn",40.33100676,33.70225008,2140.21,63.5034751365182,NA
1926,"Oats",17.78190284,17.3407951,1152.91,66.4854173843505,NA
1926,"Sorghum",NA,NA,NA,NA,NA
1927,"Barley",3.84856386,3.83237642,239.07,62.3816592630011,NA
1927,"Corn",39.84538356,33.96124912,2218.19,65.3153243027711,NA
1927,"Oats",16.40192358,16.3290801,1093.22,66.9492704613532,NA
1927,"Sorghum",NA,NA,NA,NA,NA
1928,"Barley",5.19212138,5.15569964,328.35,63.6867977049183,NA
1928,"Corn",40.6304744,34.73419938,2260.99,65.0940583159628,NA
1928,"Oats",16.28456464,16.24004918,1312.91,80.8439670008438,NA
1928,"Sorghum",NA,NA,NA,NA,NA
1929,"Barley",5.9488842,5.48754216,280.64,51.141292734961,NA
1929,"Corn",40.11652318,33.66582834,2135.04,63.4186088765639,NA
1929,"Oats",16.40192358,15.4387709,1112.95,72.0879924450463,NA
1929,"Sorghum",3.57337738,1.42449472,49.97,35.0791051019129,NA
1930,"Barley",5.49563588,5.11118418,301.62,59.0117650583274,NA
1930,"Corn",42.05496912,34.61279358,1757.3,50.7702447055705,NA
1930,"Oats",17.24367046,16.1267371,1274.59,79.035826782344,NA
1930,"Sorghum",3.8242827,1.40830728,37.56,26.6703158702694,NA
1931,"Barley",5.59276052,4.52438948,200.28,44.2667460185147,NA
1931,"Corn",44.25646096,36.87903518,2229.9,60.4652477787517,NA
1931,"Oats",18.00043328,16.26433034,1124.23,69.1224278220114,NA
1931,"Sorghum",4.32609334,1.79680584,71.91,40.0210186315957,NA
1932,"Barley",5.89222816,5.34590206,299.39,56.003644780578,NA
1932,"Corn",45.73761172,39.33952606,2578.69,65.5495949815721,NA
1932,"Oats",18.4334473,16.8754062,1254.58,74.3436919462122,NA
1932,"Sorghum",4.88456002,1.7806184,66.1,37.1219347166131,NA
1933,"Barley",5.7465412,3.90117304,152.84,39.1779596631274,NA
1933,"Corn",44.44666338,37.28372118,2104.73,56.4517149411855,NA
1933,"Oats",17.71310622,14.78317958,736.31,49.8072823924933,NA
1933,"Sorghum",5.0990436,1.7603841,54.39,30.8966662445997,NA
1934,"Barley",4.86432572,2.66283388,117.39,44.0846125932572,NA
1934,"Corn",40.69522416,24.7870175,1146.73,46.2633311974706,NA
1934,"Oats",16.37764242,11.92204956,544.25,45.6507077294854,NA
1934,"Sorghum",5.91246246,0.9712464,19.21,19.7787090896811,NA
1935,"Barley",5.64941656,5.03429384,288.67,57.3407133501766,NA
1935,"Corn",40.45645942,33.4068293,2001.37,59.9090078866,NA
1935,"Oats",17.6443096,16.23195546,1210.23,74.5584845265464,NA
1935,"Sorghum",6.67327214,1.8615556,57.61,30.9472357419784,NA
1936,"Barley",5.19616824,3.37103438,147.74,43.8263106649182,NA
1936,"Corn",41.26178456,27.44985138,1258.67,45.8534358738667,NA
1936,"Oats",16.96848398,13.6176839,792.58,58.2022615461062,NA
1936,"Sorghum",5.40660496,1.12907394,30.27,26.8095816647756,NA
1937,"Barley",4.9978721,4.03471942,221.89,54.9951500716746,NA
1937,"Corn",39.32333862,32.86859692,2349.43,71.4794734231692,NA
1937,"Oats",16.11864338,14.38254044,1176.74,81.8172564790647,NA
1937,"Sorghum",5.260918,1.99105512,69.95,35.1321263270702,NA
1938,"Barley",4.92502862,4.29371846,256.62,59.7663778821679,NA
1938,"Corn",38.23068642,33.50395394,2300.1,68.65159867755,NA
1938,"Oats",15.94058154,14.58488344,1089.38,74.6924035753556,NA
1938,"Sorghum",6.29691416,1.9020242,67.21,35.3360383111845,NA
1939,"Barley",6.27667986,5.15569964,278.19,53.9577592615539,NA
1939,"Corn",37.08542504,31.69096066,2341.6,73.8885774124084,NA
1939,"Oats",15.4590052,13.54079356,957.7,70.7270217034459,NA
1939,"Sorghum",7.22769196,1.92630536,53.28,27.6591661459116,NA
1940,"Barley",6.34952334,5.47540158,311.28,56.8506246440467,NA
1940,"Corn",35.89160134,30.93419784,2206.88,71.3411096487641,NA
1940,"Oats",15.91225352,14.33802498,1246.45,86.9331725770225,NA
1940,"Sorghum",8.58339006,2.57784982,85.82,33.2913109732669,NA
1941,"Barley",6.41831996,5.77891608,362.57,62.7401393238436,NA
1941,"Corn",35.14293224,31.3226964,2414.45,77.0830827961542,NA
1941,"Oats",16.93206224,15.44281776,1182.51,76.573460774946,NA
1941,"Sorghum",7.6080968,2.43620972,113.54,46.6051830710207,NA
1942,"Barley",7.96826734,6.86347456,429.45,62.5703492080839,NA
1942,"Corn",35.94421052,32.05517806,2801.82,87.4061593030502,NA
1942,"Oats",17.40959172,15.4590052,1342.68,86.8542304390971,NA
1942,"Sorghum",6.50735088,2.42406914,109.65,45.2338583048832,NA
1943,"Barley",7.06986442,6.0298214,322.91,53.552166569975,NA
1943,"Corn",38.17807724,33.14783026,2668.49,80.5027049755383,NA
1943,"Oats",17.59170042,15.74633226,1139.83,72.3870156668471,NA
1943,"Sorghum",7.17508278,2.78828654,109.54,39.2857758442574,NA
1944,"Barley",5.8072441,4.9776378,276.28,55.5042393803744,NA
1944,"Corn",38.63941928,34.39831,2801.61,81.4461524417915,NA
1944,"Oats",17.86284004,16.08222164,1149.24,71.4602761810961,NA
1944,"Sorghum",7.47050356,3.80000154,184.98,48.6789276406451,NA
1945,"Barley",4.7550605,4.2289687,266.99,63.1335956683718,NA
1945,"Corn",36.12227236,31.53717998,2577.45,81.7273453629826,NA
1945,"Oats",18.62769658,16.89159364,1523.85,90.2135128559723,NA
1945,"Sorghum",6.34142962,2.55761552,96.06,37.558420821594,NA
1946,"Barley",4.64174842,4.20064068,265.06,63.0998983707409,NA
1946,"Corn",35.9765854,31.73142926,2916.09,91.8991065957424,NA
1946,"Oats",18.82599272,17.32460766,1477.57,85.287357093315,NA
1946,"Sorghum",5.77486922,2.69925562,106.03,39.2812000517387,NA
1947,"Barley",4.84813828,4.43535856,281.87,63.5506681561276,NA
1947,"Corn",34.41449744,29.8658268,2108.32,70.5930565431391,NA
1947,"Oats",17.02109316,15.32141196,1176.14,76.7644655120937,NA
1947,"Sorghum",4.56485808,2.21767928,93.22,42.0349330224161,NA
1948,"Barley",5.28519916,4.81981026,315.54,65.4673074205208,NA
1948,"Corn",34.60874672,31.09607224,3307.04,106.349122631187,NA
1948,"Oats",17.74143424,15.89606608,1450.19,91.2294899065996,NA
1948,"Sorghum",5.34590206,2.96230152,131.38,44.3506507062117,NA
1949,"Barley",4.50415518,3.99425082,237.07,59.3528074934463,NA
1949,"Corn",35.10246364,31.20533746,2946.21,94.4136561181736,NA
1949,"Oats",17.45410718,15.29308394,1220.12,79.782469303572,NA
1949,"Sorghum",4.47582716,2.6709276,148.49,55.5949176608157,NA
1950,"Barley",5.26496486,4.51629576,303.77,67.2608739866939,NA
1950,"Corn",33.53228196,29.2992664,2764.07,94.3392220905572,1.47
1950,"Oats",18.22705744,15.90820666,1369.2,86.068783821042,NA
1950,"Sorghum",6.49925716,4.1885001,233.54,55.7574297300363,1.05
1951,"Barley",4.36656194,3.81214212,257.21,67.4712515702326,NA
1951,"Corn",33.70225008,28.80959634,2628.94,91.252233074502,NA
1951,"Oats",16.60021972,14.25708778,1277.65,89.6150756532692,NA
1951,"Sorghum",6.08243058,3.45601844,162.86,47.1235911576907,1.22
1952,"Barley",3.71906434,3.33461264,228.17,68.4247391325189,NA
1952,"Corn",33.27732978,28.8743461,2980.79,103.233160317352,1.6
1952,"Oats",17.13440524,14.97742886,1217.43,81.2843119723555,NA
1952,"Sorghum",4.97359094,2.15697638,90.74,42.0681472645519,NA
1953,"Barley",3.89307932,3.51267448,246.72,70.2370804367845,NA
1953,"Corn",33.01023702,28.62748764,2881.8,100.665487528615,1.6
1953,"Oats",17.49052892,15.19191244,1153.21,75.9094685777428,NA
1953,"Sorghum",5.90436874,2.5495218,115.72,45.3889039113139,NA
1954,"Barley",5.96507164,5.41065182,379.25,70.093218454408,NA
1954,"Corn",33.26114234,27.78978762,2707.91,97.4426302578559,1.62
1954,"Oats",18.9797734,16.4100173,1409.6,85.8987516119194,NA
1954,"Sorghum",8.1544229,4.74291992,235.58,49.6698244907327,NA
1955,"Barley",6.59233494,5.87604072,403.07,68.595508303421,NA
1955,"Corn",32.75123798,27.70480356,2872.96,103.698984682496,1.58
1955,"Oats",19.21853814,15.79489458,1495.98,94.7128828510358,NA
1955,"Sorghum",9.68008912,5.21640254,242.64,46.5148151699198,NA
1956,"Barley",5.96102478,5.2002151,376.66,72.4316192228279,NA
1956,"Corn",31.49671138,26.25602768,3075.34,117.128913691029,1.5
1956,"Oats",17.89116806,13.48818438,1151.4,85.3636017689136,NA
1956,"Sorghum",8.65218668,3.72715806,204.88,54.9694959810747,NA
1957,"Barley",6.6368504,6.01768082,442.76,73.5765178054093,NA
1957,"Corn",29.61492148,25.52354602,3045.36,119.315709408626,1.4
1957,"Oats",16.93206224,13.78765202,1289.88,93.5532749251964,NA
1957,"Sorghum",10.88200654,7.96422048,567.51,71.2574446457314,NA
1958,"Barley",6.5356789,5.98530594,477.37,79.7569923384735,NA
1958,"Corn",29.6837181,25.7177953,3356.21,130.501466430134,1.36
1958,"Oats",15.2566622,12.6464375,1401.41,110.814606880396,NA
1958,"Sorghum",8.36890648,6.68541272,581.01,86.907125159507,NA
1959,"Barley",6.78658422,6.01768082,420.2,69.827565231351,NA
1959,"Corn",33.48371964,29.17381374,3824.6,131.097018514111,1.12
1959,"Oats",14.18829116,11.23408336,1050.05,93.4700203257171,NA
1959,"Sorghum",7.89542386,6.23621126,555.44,89.0668992506197,NA
1960,"Barley",6.28477358,5.60894796,429.01,76.4867142750242,NA
1960,"Corn",32.95358098,28.90267412,3906.95,135.17607345877,1.06
1960,"Oats",12.71523412,10.76060074,1153.33,107.180818977213,NA
1960,"Sorghum",7.9318456,6.3131016,619.95,98.2005421867438,NA
1961,"Barley",6.32119532,5.18402766,392.44,75.7017565758899,NA
1961,"Corn",26.67690112,23.32205418,3597.8,154.265999565567,1.2
1961,"Oats",13.07540466,9.66794854,1010.31,104.500969964824,NA
1961,"Sorghum",5.78296294,4.44749914,480.21,107.973039428176,NA
1962,"Barley",5.81938468,4.94121606,427.73,86.5637112010844,NA
1962,"Corn",26.31268372,22.55315078,3606.31,159.902713158733,1.2
1962,"Oats",11.938237,9.05687268,1012.2,111.760431637204,NA
1962,"Sorghum",6.09457116,4.68221702,510.28,108.98256057341,NA
1963,"Barley",5.4430267,4.54867064,392.83,86.3614957182303,NA
1963,"Corn",27.83025622,23.96955178,4019.24,167.681066249792,1.07
1963,"Oats",11.3514423,8.62385866,965.51,111.958003727301,NA
1963,"Sorghum",7.09009872,5.39446438,585.39,108.516797732567,NA
1964,"Barley",4.7145919,4.16017208,386.06,92.7990459471571,NA
1964,"Corn",26.63643252,22.40746382,3484.25,155.49506307314,1.1
1964,"Oats",10.37210218,7.99659536,852.26,106.577857404554,NA
1964,"Sorghum",6.78658422,4.75101364,489.8,103.09378947605,NA
1965,"Barley",4.09542232,3.71097062,393.06,105.918380997584,NA
1965,"Corn",26.37338662,22.41555754,4102.87,183.036714240925,1.05
1965,"Oats",9.7326983,7.49478472,929.55,124.026244212122,NA
1965,"Sorghum",6.91203688,5.27305858,672.7,127.573018542115,NA
1966,"Barley",4.52438948,4.1480315,392.11,94.5291760682145,NA
1966,"Corn",26.8509161,23.067102,4167.61,180.673324286683,1
1966,"Oats",9.44537124,7.23578568,803.32,111.02042480617,NA
1966,"Sorghum",6.62470982,5.18402766,714.99,137.921717801946,NA
1967,"Barley",4.07923488,3.73525178,373.75,100.060189249143,NA
1967,"Corn",28.79745576,24.56039334,4860.37,197.894631926933,1.05
1967,"Oats",8.38509392,6.51949146,793.8,121.757963005292,NA
1967,"Sorghum",7.6687997,6.06624314,755.34,124.515286078692,NA
1968,"Barley",4.24515614,3.93759478,426.15,108.225966309311,NA
1968,"Corn",26.35719918,22.65432228,4449.54,196.41020132958,1.05
1968,"Oats",9.44537124,7.16698906,950.69,132.648451398641,NA
1968,"Sorghum",7.19936394,5.62108854,731.28,130.095798135213,NA
1969,"Barley",4.16421894,3.86879816,427.06,110.385701796343,NA
1969,"Corn",26.00512236,22.08371502,4687.06,212.240558065307,1.05
1969,"Oats",9.53440216,7.27220742,965.86,132.815243600409,NA
1969,"Sorghum",6.97273978,5.43897984,729.92,134.201637342344,NA
1970,"Barley",4.24110928,3.92950106,416.09,105.88876135842,NA
1970,"Corn",27.05730596,23.21278896,4152.24,178.877256289845,1.05
1970,"Oats",9.87838526,7.52311274,915.24,121.657089509468,NA
1970,"Sorghum",6.86347456,5.49158902,683.18,124.404793860557,NA
1971,"Barley",4.47582716,4.0873286,462.42,113.135019288638,NA
1971,"Corn",30.01960748,25.94846632,5646.26,217.59513376897,1.05
1971,"Oats",8.83429538,6.35761706,878.08,138.114641337017,NA
1971,"Sorghum",8.3162973,6.53163204,868,132.891748139566,NA
1972,"Barley",4.27753102,3.9052199,421.72,107.988797250572,NA
1972,"Corn",27.16657118,23.27349186,5579.83,239.750443705013,1.05
1972,"Oats",8.08967314,5.42683926,690.62,127.260080299485,NA
1972,"Sorghum",6.89584944,5.34590206,801.35,149.899865542991,NA
1973,"Barley",4.4717803,4.1682658,417.43,100.144765240259,NA
1973,"Corn",29.2385635,25.14718804,5670.71,225.500759408168,1.05
1973,"Oats",7.53120646,5.57252622,659.14,118.283875925845,NA
1973,"Sorghum",7.68498714,6.3535702,923.22,145.307279362397,NA
1974,"Barley",3.52481506,3.20915998,298.67,93.0679685217812,NA
1974,"Corn",31.54122684,26.47051126,4701.4,177.608960923409,1.1
1974,"Oats",6.88370886,5.10309046,600.66,117.705144501789,NA
1974,"Sorghum",7.11842674,5.58871366,622.71,111.422777741667,NA
1975,"Barley",3.79190782,3.48839332,379.16,108.691871936046,0.9
1975,"Corn",31.85688192,27.36891418,5840.76,213.408539395698,1.1
1975,"Oats",6.64899098,5.27710544,638.96,121.081529877485,0.54
1975,"Sorghum",7.31672288,6.2321644,754.35,121.04141540297,1.05
1976,"Barley",3.7635798,3.41554984,383.01,112.137142756494,1.22
1976,"Corn",34.23238874,28.93909586,6289.17,217.324343180084,1.5
1976,"Oats",6.72588132,4.78743538,540.44,112.88716339812,0.72
1976,"Sorghum",7.34100404,5.85580642,710.8,121.383793967697,1.43
1977,"Barley",4.36251508,3.93759478,427.78,108.639924598844,1.63
1977,"Corn",34.12717038,28.97956446,6505.04,224.469902195349,2
1977,"Oats",7.17508278,5.45921414,752.77,137.889809905863,1.03
1977,"Sorghum",6.73397504,5.5846668,780.94,139.83645362692,1.9
1978,"Barley",4.04281314,3.7433455,454.76,121.484912359813,1.63
1978,"Corn",33.05475248,29.10906398,7267.93,249.679275327904,2
1978,"Oats",6.64089726,4.50415518,581.66,129.138534698531,1.03
1978,"Sorghum",6.5559132,5.42683926,731.27,134.750628305877,1.9
1979,"Barley",3.28605032,3.04728558,383.2,125.751259584932,1.71
1979,"Corn",32.93739354,29.2992664,7928.14,270.591757887836,2.1
1979,"Oats",5.64941656,3.91736048,526.75,134.46554196105,1.08
1979,"Sorghum",6.18360208,5.2204494,807.42,154.664845520771,2
1980,"Barley",3.36698752,2.93802036,361.14,122.919502164376,1.83
1980,"Corn",34.00981144,29.52589056,6639.4,224.86705308712,2.25
1980,"Oats",5.41469868,3.50458076,458.79,130.911521639467,1.16
1980,"Sorghum",6.32928904,5.06262186,579.34,114.434776291982,2.14
1981,"Barley",3.89307932,3.65836144,473.51,129.432262986021,1.95
1981,"Corn",34.0340926,30.15720072,8118.65,269.210994593931,2.4
1981,"Oats",5.51587018,3.80809526,509.53,133.801799905604,1.24
1981,"Sorghum",6.44664798,5.53610448,875.84,158.20510670709,2.28
1982,"Barley",3.8647513,3.64622086,515.94,141.499930972366,2.08
1982,"Corn",33.12759596,29.42876592,8235.1,279.831645757302,2.55
1982,"Oats",5.6453697,4.15207836,592.63,142.730928613785,1.31
1982,"Sorghum",6.48711658,5.72226004,835.08,145.935346202827,2.42
1983,"Barley",4.21278126,3.93354792,508.27,129.214137042978,2.16
1983,"Corn",24.36614406,20.83323528,4174.25,200.364943029626,2.65
1983,"Oats",8.21107894,3.66645516,476.47,129.953859847559,1.36
1983,"Sorghum",4.80766968,4.04686,487.52,120.468709073207,2.52
1984,"Barley",4.82790398,4.54057692,598.03,131.707932832465,2.08
1984,"Corn",32.58531672,29.0969234,7672.13,263.674956095186,2.55
1984,"Oats",5.02215326,3.30223776,473.66,143.436068031637,1.31
1984,"Sorghum",6.9808335,6.21597696,866.24,139.357015892157,2.42
1985,"Barley",5.31757404,4.69031074,590.21,125.836012306511,2.08
1985,"Corn",33.7508124,30.43643406,8875.45,291.606105449266,2.55
1985,"Oats",5.35804264,3.2981909,518.49,157.204363155571,1.31
1985,"Sorghum",7.40170694,6.79063108,1120.27,164.972884964913,NA
1986,"Barley",5.26901172,4.84409142,608.53,125.623145237833,1.56
1986,"Corn",30.99085388,27.88691226,8225.76,294.968475652959,1.92
1986,"Oats",5.93674362,2.76805224,385,139.086970410645,0.99
1986,"Sorghum",6.20788324,5.60894796,938.87,167.387896392606,1.82
1987,"Barley",4.42321798,4.03067256,521.5,129.3828740085,1.49
1987,"Corn",26.7902132,24.08286386,7131.3,296.115114940487,1.82
1987,"Oats",7.24792626,2.78828654,373.71,134.028549303975,0.94
1987,"Sorghum",4.75910736,4.26134358,730.81,171.497553830194,1.74
1988,"Barley",3.97806338,3.09180104,289.99,93.793228040314,1.44
1988,"Corn",27.40533592,23.5729595,4928.68,209.081935596589,1.77
1988,"Oats",5.62918226,2.23791358,217.38,97.1351181487535,0.9
1988,"Sorghum",4.18445324,3.65836144,576.69,157.636146525752,1.68
1989,"Barley",3.69478318,3.36294066,404.2,120.192427064711,1.34
1989,"Corn",29.26689152,26.21555908,7531.95,287.308387244969,1.65
1989,"Oats",4.89265374,2.78423968,373.59,134.180258504182,0.85
1989,"Sorghum",5.11523104,4.4920146,615.42,137.003116597172,1.57
1990,"Barley",3.32651892,3.04728558,422.2,138.549534960225,1.28
1990,"Corn",30.01556062,27.0937277,7934.03,292.83641172787,1.57
1990,"Oats",4.21682812,2.4078817,357.65,148.533044625905,0.81
1990,"Sorghum",4.26539044,3.67859574,573.3,155.847513703694,1.49
1991,"Barley",3.61789284,3.40340926,464.33,136.430844640765,1.32
1991,"Corn",30.73994856,27.85049052,7474.77,268.389168752063,1.62
1991,"Oats",3.5005339,1.95058652,243.85,125.013680500571,0.83
1991,"Sorghum",4.47582716,3.99425082,584.86,146.42545657661,1.54
1992,"Barley",3.14036336,2.95016094,455.09,154.259380845846,1.4
1992,"Corn",32.09564666,29.16976688,9476.7,324.880895997068,1.72
1992,"Oats",3.21320684,1.821087,294.23,161.568338031077,0.88
1992,"Sorghum",5.33376148,4.8764663,875.02,179.437310988902,1.63
1993,"Barley",3.15250394,2.7316305,398.04,145.715169017186,1.4
1993,"Corn",29.63920264,25.46688998,6337.73,248.861561226252,1.72
1993,"Oats",3.21320684,1.5378068,206.73,134.431711447758,0.88
1993,"Sorghum",3.99829768,3.60979912,534.17,147.977763372052,1.63
1994,"Barley",2.89755176,2.69925562,374.86,138.875324449635,1.54
1994,"Corn",31.93781912,29.34378186,10050.52,342.509361879505,1.89
1994,"Oats",2.68711504,1.62279086,228.84,141.016322953655,0.97
1994,"Sorghum",3.96187594,3.59361168,645.74,179.691090051221,1.8
1995,"Barley",2.70734934,2.54142808,359.38,141.408683892404,1.54
1995,"Corn",28.92695528,26.38957406,7400.05,280.415666549792,1.89
1995,"Oats",2.52119378,1.1938237,161.09,134.936171898749,0.97
1995,"Sorghum",3.81618898,3.3386595,458.65,137.375494566008,1.8
1996,"Barley",2.86922374,2.71544306,392.43,144.517852640961,1.55
1996,"Corn",32.06327178,29.39639104,9232.56,314.071206476916,1.89
1996,"Oats",1.87774304,1.07646476,153.25,142.36415876726,1.03
1996,"Sorghum",5.3013866,4.77934166,795.27,166.397394573377,1.81
1997,"Barley",2.71544306,2.5090532,359.88,143.432590428932,1.57
1997,"Corn",32.18872444,29.40853162,9206.83,313.066633824678,1.89
1997,"Oats",2.05175802,1.13716766,167.25,147.075937773327,1.11
1997,"Sorghum",4.0670943,3.70692376,633.55,170.909908327869,1.76
1998,"Barley",2.56166238,2.3674131,351.57,148.50386694236,1.56
1998,"Corn",32.44367662,29.37615674,9758.69,332.197641998284,1.89
1998,"Oats",1.97891454,1.1128865,165.77,148.954992265608,1.11
1998,"Sorghum",3.89712618,3.12417592,519.93,166.421486277892,1.74
1999,"Barley",2.01533628,1.84941502,272,147.073532472987,1.59
1999,"Corn",31.31864954,28.52631614,9430.61,330.593335421123,1.89
1999,"Oats",1.88988362,0.9914807,145.63,146.881326081284,1.13
1999,"Sorghum",3.75953294,3.45601844,595.17,172.212622800705,1.74
2000,"Barley",2.3471788,2.1043672,317.8,151.019270781259,1.62
2000,"Corn",32.1927713,29.31545384,9915.05,338.219222329461,1.89
2000,"Oats",1.80894642,0.94291838,149.17,158.200331188793,1.16
2000,"Sorghum",3.7231112,3.12822278,470.53,150.414479112002,1.71
2001,"Barley",2.0031957,1.72800922,248.33,143.708723961554,1.65
2001,"Corn",30.6347302,27.83025622,9502.58,341.4478086325,1.89
2001,"Oats",1.7806184,0.77295026,117.6,152.144330736107,1.21
2001,"Sorghum",4.1480315,3.47220588,514.04,148.044216778989,1.71
2002,"Barley",2.02747686,1.66730632,226.91,136.093768300476,1.88
2002,"Corn",31.92567854,28.05688038,8966.79,319.593264773366,1.98
2002,"Oats",2.02343,0.83365316,116,139.146596649379,1.35
2002,"Sorghum",3.88093874,2.88541118,360.71,125.011645653913,1.98
2003,"Barley",2.1650701,1.91416478,278.28,145.379333538882,1.88
2003,"Corn",31.8083196,28.70842484,10087.29,351.370374941128,1.98
2003,"Oats",1.8615556,0.89840292,144.38,160.70740286552,1.35
2003,"Sorghum",3.81214212,3.1565508,411.22,130.275109147618,1.98
2004,"Barley",1.83322758,1.62683772,279.74,171.9532296067,1.85
2004,"Corn",32.75123798,29.79703018,11805.58,396.199887327161,1.95
2004,"Oats",1.65516574,0.72438794,115.7,159.721046708757,1.33
2004,"Sorghum",3.03109814,2.63855272,453.61,171.916216250551,1.95
2005,"Barley",1.57018168,1.32332322,211.9,160.127168327024,1.85
2005,"Corn",33.09522108,30.40001232,11112.19,365.532417652652,1.95
2005,"Oats",1.7199155,0.73652852,114.86,155.947796834806,1.33
2005,"Sorghum",2.6102247,2.32289764,392.74,169.073313105609,1.95
2006,"Barley",1.3961667,1.1938237,180.17,150.918431255804,1.85
2006,"Corn",31.69905438,28.58701904,10531.12,368.388182946409,1.95
2006,"Oats",1.68754062,0.63131016,93.52,148.136377212748,1.33
2006,"Sorghum",2.63855272,1.99914884,276.82,138.468929607062,1.95
2007,"Barley",1.62683772,1.416401,210.11,148.340759431828,1.85
2007,"Corn",37.85028158,35.01343272,13037.88,372.367945304393,1.95
2007,"Oats",1.52161936,0.607029,90.43,148.971465943143,1.33
2007,"Sorghum",3.12012906,2.74781794,497.45,181.034555731884,1.95
2008,"Barley",1.71586864,1.52971308,239.07,156.284209846725,1.85
2008,"Corn",34.79490228,31.79617902,12043.2,378.762491946745,1.95
2008,"Oats",1.31927636,0.57060726,90.05,157.814325741316,1.33
2008,"Sorghum",3.3993624,2.95825466,475.86,160.858362342612,1.95
2009,"Barley",1.44472902,1.25857346,226.6,180.045112344892,1.85
2009,"Corn",34.95677668,32.16849014,13067.16,406.209926021725,1.95
2009,"Oats",1.3556981,0.54227924,91.04,167.883985379931,1.33
2009,"Sorghum",2.6709276,2.225773,381.61,171.45054774229,1.95
2010,"Barley",1.16144882,0.99957442,180.24,180.316739197868,1.95
2010,"Corn",35.68925834,32.9616747,12425.33,376.962945999828,1.95
2010,"Oats",1.25857346,0.51395122,81.86,159.275816097878,1.39
2010,"Sorghum",2.17316382,1.94653966,345.46,177.473907724028,1.95
2011,"Barley",1.03599616,0.90649664,154.79,170.756286531851,1.95
2011,"Corn",37.20683084,33.94506168,12313.96,362.761456028086,1.95
2011,"Oats",0.9510121,0.35612368,50.13,140.765702522225,1.39
2011,"Sorghum",2.2055387,1.5985097,212.99,133.242857393984,1.95
2012,"Barley",1.48115076,1.32332322,218.99,165.484891892096,1.95
2012,"Corn",39.37190094,35.35741582,10755.11,304.182580954244,1.95
2012,"Oats",1.0926522,0.40873286,61.49,150.440559146627,1.39
2012,"Sorghum",2.53333436,2.02343,247.74,122.435666170809,1.95
2013,"Barley",1.42854158,1.23024544,216.75,176.18435553803,1.95
2013,"Corn",38.59490382,35.39383756,13830.7,390.765764705623,1.95
2013,"Oats",1.20596428,0.40873286,64.64,158.147304329777,1.39
2013,"Sorghum",3.26986288,2.66688074,392.33,147.111940221219,1.95
2014,"Barley",1.22619858,1.011715,181.54,179.437885175173,1.95
2014,"Corn",36.6645516,33.6496409,14217.29,422.509412277264,1.95
2014,"Oats",1.1128865,0.42087344,70.23,166.867265370797,1.39
2014,"Sorghum",2.88945804,2.5899904,432.58,167.019924089294,1.95
2015,"Barley",1.44877588,1.27880776,218.19,170.619859235136,1.95
2015,"Corn",35.62046172,32.6783945,13601.96,416.237095124119,1.95
2015,"Oats",1.25047974,0.51799808,89.46,172.703342838645,1.39
2015,"Sorghum",3.42364356,3.1767851,596.75,187.847141438683,1.95
2016,"Barley",1.23833916,1.04004302,199.91,192.213202873089,1.95
2016,"Corn",38.040484,35.1065105,15148.04,431.488056894746,1.95
2016,"Oats",1.14526138,0.39659228,64.63,162.963333527319,1.39
2016,"Sorghum",2.70734934,2.49286576,480.26,192.653775307981,1.95
2017,"Barley",1.00766814,0.79318456,143.26,180.613702314125,1.95
2017,"Corn",36.49053662,33.47967278,14609.41,436.366570724889,1.95
2017,"Oats",1.04813674,0.3237488,49.59,153.174312924094,1.39
2017,"Sorghum",2.27838218,2.03961744,361.87,177.420526468925,1.95
2018,"Barley",1.02790244,0.80127828,153.08,191.044739163528,1.95
2018,"Corn",36.06966318,33.07903364,14420.1,435.928696011326,1.95
2018,"Oats",1.1128865,0.35207682,56.13,159.425434483304,1.39
2018,"Sorghum",2.30266334,2.04771116,364.99,178.242911954438,1.95
